Workbook

Sheet DANH_MUC
A1: Mã PT | B1: Tên thiết bị | C1: Nhóm | D1: Thông số KT
A2: LB01 | B2: Liebherr CBB 32(40)/32- LB40-1 | C2: Cần cẩu | D2: 40T
A3: LB02 | B3: Liebherr CBB 32(40)/32- LB40-2 | C3: Cần cẩu | D3: 40T
A4: SK300 | B4: Kobelco SK300 | C4: Xe cuốc | D4: 230HP/1.2m³
A5: SK250 | B5: Kobelco SK250-8 | C5: Xe cuốc | D5: 175HP/1m³
A6: PC220 | B6: Komatsu PC220-8LC | C6: Xe cuốc | D6: 180HP/1m³
A7: PC200-7LC | B7: Komatsu PC200-7LC | C7: Xe cuốc | D7: 148HP/0,7m³
A8: PC200-7 | B8: Komatsu PC200-7 | C8: Xe cuốc | D8: 145HP/0.7m³
A9: T07 | B9: TCM 2.8T | C9: Xe nâng | D9: 2.8T
A10: TCM13-4 | B10: TCM FD 135 | C10: Xe nâng | D10: 13.5T/146HP
A11: KM25-1 | B11: KALMAR KM25-1 | C11: Xe nâng | D11: –
A12: TCM25-2 | B12: TCM FD 250Z5 | C12: Xe nâng | D12: 25T
... A20: GD02 | B20: Gàu điện 10m³ | C20: Gàu ngoạm | D20: 10m³

Sheet 2026-W12
A1: CÔNG TY CỔ PHẦN CẢNG SÀI GÒN | F1: CỘNG HÒA XÃ HỘI CHỦ NGHĨA VIỆT NAM
A2: TT ĐH KT KV BRVT | F2: Độc lập – Tự do – Hạnh phúc
A3: ĐỘI PHƯƠNG TIỆN | G3: Ngày 13 tháng 03 năm 2026
A9: BÁO CÁO TUẦN TÌNH TRẠNG HOẠT ĐỘNG PHƯƠNG TIỆN
A12: STT | B12: Mã PT | C12: Tên thiết bị | D12: Thông số KT | E12: Giờ đầu | F12: Giờ cuối | G12: Giờ HĐ | H12: Tình trạng | I12: Hạng mục | J12: Mô tả chi tiết | K12: Mô tả TG SC | L12: Giờ SC | M12: SL SC | N12: SC xong? | O12: Tồn đọng từ ngày | P12: Ghi chú | Q12: Đề nghị
A13: I. NHÓM CẦN CẨU
A14: 1 | B14: LB01 | C14: =VLOOKUP(B14, DANH_MUC!$A$2:$D$50, 2, FALSE) -> Liebherr CBB 32(40)/32- LB40-1 | D14: =VLOOKUP(B14, DANH_MUC!$A$2:$D$50, 4, FALSE) -> 40T | E14: 44266 | F14: 44339 | G14: =IF(AND(ISNUMBER(E14),ISNUMBER(F14)),F14-E14,0) -> 73 | H14: Bình thường | J14: Bảo dưỡng 750h | K14: 2h | L14: 2 | M14: 1 | N14: Có
A15: 2 | B15: LB02 | C15: =VLOOKUP(B15, DANH_MUC!$A$2:$D$50, 2, FALSE) -> Liebherr CBB 32(40)/32- LB40-2 | D15: =VLOOKUP(B15, DANH_MUC!$A$2:$D$50, 4, FALSE) -> 40T | E15: 5636 | F15: 5717 | G15: =IF(AND(ISNUMBER(E15),ISNUMBER(F15)),F15-E15,0) -> 81 | H15: Bình thường | I15: Valve hãm tải rung giật | K15: Đã báo từ đầu tháng 1/2026 | L15: 0 | M15: 0 | N15: Không | O15: 46023 | Q15: Đề nghị PKT thay thế sớm
A16: II. NHÓM XE CUỐC
A17: 1 | B17: SK300 | C17: =VLOOKUP(B17, DANH_MUC!$A$2:$D$50, 2, FALSE) -> Kobelco SK300 | D17: =VLOOKUP(B17, DANH_MUC!$A$2:$D$50, 4, FALSE) -> 230HP/1.2m³ | E17: 3849 | F17: 3878 | G17: =IF(AND(ISNUMBER(E17),ISNUMBER(F17)),F17-E17,0) -> 29 | H17: Ngưng sửa chữa | I17: Hỗn giật mất kiểm soát | K17: Ngưng từ 21/04/2026 | L17: 0 | M17: 0 | N17: Không | O17: 21/04/2026 | Q17: Đề nghị PKT khắc phục
A18: 2 | B18: SK250 | C18: =VLOOKUP(B18, DANH_MUC!$A$2:$D$50, 2, FALSE) -> Kobelco SK250-8 | D18: =VLOOKUP(B18, DANH_MUC!$A$2:$D$50, 4, FALSE) -> 175HP/1m³ | E18: 1085 | F18: 1138 | G18: =IF(AND(ISNUMBER(E18),ISNUMBER(F18)),F18-E18,0) -> 53 | H18: Có lỗi nhẹ | I18: Nâng cần yếu | J18: Thao tác co duỗi tay cần yếu | K18: Báo từ 10/03, chưa dứt | L18: 7 | M18: 5 | N18: Không | O18: 46298 | Q18: Đề nghị PKT sửa dứt điểm
A19: 3 | B19: PC220 | C19: =VLOOKUP(B19, DANH_MUC!$A$2:$D$50, 2, FALSE) -> Komatsu PC220-8LC | D19: =VLOOKUP(B19, DANH_MUC!$A$2:$D$50, 4, FALSE) -> 180HP/1m³ | E19: 11493 | F19: 11565 | G19: =IF(AND(ISNUMBER(E19),ISNUMBER(F19)),F19-E19,0) -> 72 | H19: Bình thường
A20: 4 | B20: PC200-7LC | C20: =VLOOKUP(B20, DANH_MUC!$A$2:$D$50, 2, FALSE) -> Komatsu PC200-7LC | D20: =VLOOKUP(B20, DANH_MUC!$A$2:$D$50, 4, FALSE) -> 148HP/0,7m³ | E20: 542 | F20: 609 | G20: =IF(AND(ISNUMBER(E20),ISNUMBER(F20)),F20-E20,0) -> 67 | H20: Chờ vật tư | I20: Hệ thống thủy lực yếu | K20: Chờ bơm mới | L20: 3.5 | M20: 4 | N20: Không | O20: 46268 | Q20: Đề nghị PKT thay bơm
A21: 5 | B21: PC200-7 | C21: =VLOOKUP(B21, DANH_MUC!$A$2:$D$50, 2, FALSE) -> Komatsu PC200-7 | D21: =VLOOKUP(B21, DANH_MUC!$A$2:$D$50, 4, FALSE) -> 145HP/0.7m³ | E21: 512 | F21: 528 | G21: =IF(AND(ISNUMBER(E21),ISNUMBER(F21)),F21-E21,0) -> 16 | H21: Ngưng sửa chữa | I21: Yếu toàn bộ, tắt máy liên tục | K21: Từ năm 2025 | L21: 0 | M21: 0 | N21: Không | O21: 45658 | P21: Chỉ dùng chữa cháy | Q21: Đề nghị thanh lý hoặc sửa lớn
A22: III. NHÓM XE NÂNG
A23: 1 | B23: T07 | C23: =VLOOKUP(B23, DANH_MUC!$A$2:$D$50, 2, FALSE) -> TCM 2.8T | D23: =VLOOKUP(B23, DANH_MUC!$A$2:$D$50, 4, FALSE) -> 2.8T | G23: =IF(AND(ISNUMBER(E23),ISNUMBER(F23)),F23-E23,0) -> 0 | H23: Bình thường
A24: 2 | B24: TCM13-4 | C24: =VLOOKUP(B24, DANH_MUC!$A$2:$D$50, 2, FALSE) -> TCM FD 135 | D24: =VLOOKUP(B24, DANH_MUC!$A$2:$D$50, 4, FALSE) -> 13.5T/146HP | E24: 1400 | F24: 1402 | G24: =IF(AND(ISNUMBER(E24),ISNUMBER(F24)),F24-E24,0) -> 2 | H24: Đang sửa chữa | I24: Dầu DO lọt cácte | K24: Đang sửa, dự kiến giữa tuần 15 | O24: 27/03/2026
A25: 3 | B25: KM25-1 | C25: =VLOOKUP(B25, DANH_MUC!$A$2:$D$50, 2, FALSE) -> KALMAR KM25-1 | D25: =VLOOKUP(B25, DANH_MUC!$A$2:$D$50, 4, FALSE) -> – | E25: 889 | F25: 905 | G25: =IF(AND(ISNUMBER(E25),ISNUMBER(F25)),F25-E25,0) -> 16 | H25: Bình thường
A26: 4 | B26: TCM25-2 | C26: =VLOOKUP(B26, DANH_MUC!$A$2:$D$50, 2, FALSE) -> TCM FD 250Z5 | D26: =VLOOKUP(B26, DANH_MUC!$A$2:$D$50, 4, FALSE) -> 25T | E26: 30 | F26: 32 | G26: =IF(AND(ISNUMBER(E26),ISNUMBER(F26)),F26-E26,0) -> 2 | H26: Bình thường | I26: Bể vỏ trước bên trái, đã thay | J26: Đã thay vỏ mới | K26: Đã sửa xong | N26: Có
A27: 5 | B27: CAT902 | C27: =VLOOKUP(B27, DANH_MUC!$A$2:$D$50, 2, FALSE) -> Xúc lật KUBOTA RA501 | D27: =VLOOKUP(B27, DANH_MUC!$A$2:$D$50, 4, FALSE) -> – | E27: 232 | F27: 254 | G27: =IF(AND(ISNUMBER(E27),ISNUMBER(F27)),F27-E27,0) -> 22 | H27: Ngưng sửa chữa | J27: Chờ sửa chữa
A28: IV. NHÓM GÀU NGOẠM
A29: 1 | B29: G01 | C29: =VLOOKUP(B29, DANH_MUC!$A$2:$D$50, 2, FALSE) -> Gàu diesel số 1 | D29: =VLOOKUP(B29, DANH_MUC!$A$2:$D$50, 4, FALSE) -> 51KW/5m³ | G29: =IF(AND(ISNUMBER(E29),ISNUMBER(F29)),F29-E29,0) -> 0 | H29: Bình thường
A30: 2 | B30: G02 | C30: =VLOOKUP(B30, DANH_MUC!$A$2:$D$50, 2, FALSE) -> Gàu diesel số 2 | D30: =VLOOKUP(B30, DANH_MUC!$A$2:$D$50, 4, FALSE) -> 51KW/5m³ | G30: =IF(AND(ISNUMBER(E30),ISNUMBER(F30)),F30-E30,0) -> 0 | H30: Đang sửa chữa | I30: Hỏng hệ thống thủy lực | K30: Từ tháng 5/2025 | O30: 45662 | Q30: Đề nghị PKT sửa dứt điểm
A31: 3 | B31: G03 | C31: =VLOOKUP(B31, DANH_MUC!$A$2:$D$50, 2, FALSE) -> Gàu diesel số 3 | D31: =VLOOKUP(B31, DANH_MUC!$A$2:$D$50, 4, FALSE) -> 51KW/5m³ | G31: =IF(AND(ISNUMBER(E31),ISNUMBER(F31)),F31-E31,0) -> 0 | H31: Bình thường
A32: 4 | B32: G06 | C32: =VLOOKUP(B32, DANH_MUC!$A$2:$D$50, 2, FALSE) -> Gàu diesel số 6 | D32: =VLOOKUP(B32, DANH_MUC!$A$2:$D$50, 4, FALSE) -> – | E32: 1475 | F32: 1484 | G32: =IF(AND(ISNUMBER(E32),ISNUMBER(F32)),F32-E32,0) -> 9 | H32: Bình thường | I32: Hỏng dây cu roa | J32: Đã thay, sửa xong | K32: 1h | L32: 1 | M32: Có | O32: Xong
A33: 5 | B33: G07 | C33: =VLOOKUP(B33, DANH_MUC!$A$2:$D$50, 2, FALSE) -> Gàu diesel số 7 | D33: =VLOOKUP(B33, DANH_MUC!$A$2:$D$50, 4, FALSE) -> – | E33: 2251 | F33: 2337 | G33: =IF(AND(ISNUMBER(E33),ISNUMBER(F33)),F33-E33,0) -> 86 | H33: Bình thường
A34: 6 | B34: GD01 | C34: =VLOOKUP(B34, DANH_MUC!$A$2:$D$50, 2, FALSE) -> Gàu điện 5m³ | D34: =VLOOKUP(B34, DANH_MUC!$A$2:$D$50, 4, FALSE) -> 5m³ | G34: =IF(AND(ISNUMBER(E34),ISNUMBER(F34)),F34-E34,0) -> 0 | H34: Bình thường
A35: 7 | B35: GD02 | C35: =VLOOKUP(B35, DANH_MUC!$A$2:$D$50, 2, FALSE) -> Gàu điện 10m³ | D35: =VLOOKUP(B35, DANH_MUC!$A$2:$D$50, 4, FALSE) -> 10m³ | G35: =IF(AND(ISNUMBER(E35),ISNUMBER(F35)),F35-E35,0) -> 0 | H35: Có lỗi nhẹ | I35: Đóng mở chậm
